query,query_has_context,query_graph_degree,rank,neighbor,neighbor_has_context,cosine,is_graph_neighbor
interrupt controller,True,19,1,interrupt signal,True,0.7867,True
interrupt controller,True,19,2,interrupt control,False,0.725,True
interrupt controller,True,19,3,interrupt mechanism,True,0.6997,False
interrupt controller,True,19,4,interrupt enable,False,0.6871,False
interrupt controller,True,19,5,control bus,True,0.6697,False
interrupt mechanism,True,19,1,process switch,True,0.7843,False
interrupt mechanism,True,19,2,interrupt signal,True,0.7735,False
interrupt mechanism,True,19,3,internal interrupt,True,0.7544,True
interrupt mechanism,True,19,4,interrupt control,False,0.7343,False
interrupt mechanism,True,19,5,soft interrupt,True,0.7156,False
storage allocation,True,17,1,dynamic memory allocation,True,0.6349,False
storage allocation,True,17,2,segmented memory management,False,0.6102,True
storage allocation,True,17,3,auxiliary memory,True,0.5829,True
storage allocation,True,17,4,virtual memory management,False,0.5674,True
storage allocation,True,17,5,buddy system,True,0.5651,False
B-tree,True,1,1,leaf node,True,0.6536,True
B-tree,True,1,2,depth-first search,True,0.4291,False
B-tree,True,1,3,average search length,True,0.422,False
B-tree,True,1,4,data file,True,0.3738,False
B-tree,True,1,5,local area network,True,0.3288,False
paging,True,1,1,logical address space,True,0.5135,False
paging,True,1,2,auxiliary memory,True,0.4946,False
paging,True,1,3,page fault,True,0.4638,False
paging,True,1,4,cache,True,0.457,False
paging,True,1,5,instruction cache,True,0.4517,False
interrupt service routine,False,21,1,interrupt enable,False,0.8167,True
interrupt service routine,False,21,2,interrupt control,False,0.778,True
interrupt service routine,False,21,3,enable interrupts,True,0.7091,True
interrupt service routine,False,21,4,interrupt mechanism,True,0.7065,True
interrupt service routine,False,21,5,external interrupt,True,0.6749,False
kernel service,False,14,1,kernel stack,True,0.6115,False
kernel service,False,14,2,kernel module,True,0.5348,False
kernel service,False,14,3,kernel space,True,0.4771,False
kernel service,False,14,4,boot sector,True,0.4682,False
kernel service,False,14,5,system kernel,True,0.4545,False
Internet Protocol,False,12,1,Routing Information Protocol,False,0.8119,False
Internet Protocol,False,12,2,connection-oriented protocol,False,0.791,False
Internet Protocol,False,12,3,interior gateway protocol,True,0.5887,False
Internet Protocol,False,12,4,communication subnet,False,0.5658,False
Internet Protocol,False,12,5,dynamic routing,False,0.5075,True
file allocation,False,9,1,file organization,False,0.629,False
file allocation,False,9,2,dynamic memory allocation,True,0.5501,False
file allocation,False,9,3,file maintenance,False,0.5494,False
file allocation,False,9,4,storage allocation,True,0.5455,False
file allocation,False,9,5,file subsystem,False,0.5345,False
processor scheduling,False,8,1,multiprocessor scheduling,False,0.8497,False
processor scheduling,False,8,2,priority scheduling,False,0.7049,False
processor scheduling,False,8,3,process scheduling,True,0.667,False
processor scheduling,False,8,4,machine cycle,True,0.5942,False
processor scheduling,False,8,5,running time,True,0.59,False
