source_concept_name,target_concept_name
操作命令,重新启动
辅助存储器,文件管理
二进制数字,并行编译
中断信号,软中断
储存空间,文件分配
程序状态,重新启动
中断服务程序,先来先服务
存储分配,缓存
冲突检测,载波侦听
互连网络,广播网络
连接请求,链路状态分组
高速缓存,写访问
段表,中断机制
程序指令,指令流
进程切换,通用操作系统
互联网协议,互联网电视
指令功能,通用操作系统
执行状态,重新启动
数字信息,磁盘镜像
执行开销,并行编译
操作语义,分布式操作系统
控制线,进程切换
中断控制,禁止中断
命令接口,第二代计算机
段表,指令缓存
叶节点,B树
方波信号,多媒体通信
中断控制,子程序调用指令
二进制信号,主存储器
段表,特权指令
分时系统,虚拟机管理器
中断服务程序,伙伴系统
内部中断,禁止中断
控制总线,开中断
中断控制器,多进程
指令译码器,中断优先级
机器周期,执行系统
控制总线,中断控制
处理流程,处理器调度
允许中断,进程调度
储存空间,虚拟内存
二进制数字,载波侦听
文件子系统,系统启动
面向连接的协议,互连网络
进制转换,虚拟内存
标号,变址寄存器
活动分区,子程序调用指令
允许中断,缓存
网络延时,广播网络
缓存,文件管理
开始符号,发送信号
保护位,允许中断
程序指令,段表
互连网络,远程系统
多用户系统,视窗操作系统
储存空间,数据流分析
方波信号,解调器
虚拟机管理器,管理子系统
机器周期,中断控制器
中断控制,中断控制器
程序状态字,动态分配内存
分治,快速排序
宏指令,编译系统
指令译码器,发送信号
阻塞接收,连接建立
系统配置,文件管理
系统内核,动态管理
操作命令,控制流分析
逻辑地址空间,高速缓存
内部中断,中断控制
逻辑地址空间,随机存储器
用户进程,调度策略
指令指针寄存器,中断服务程序
主引导记录,设备驱动程序
输出通道,指令缓存
中断控制,系统中断
二进制信号,顺序存储器
文件分配,预分配
进程状态,允许中断
互联网协议,网络打印机
系统中断,程序状态
有线网络,广播网络
中断控制,缺页
系统调用表,中断服务程序
系统启动,完全恢复
中断信号,先来先服务
虚拟化技术,文件分配
重新启动,循环执行
内部中断,死锁预防
缺页中断,多核处理器
文件维护,控制块
大容量存储器,虚拟存储管理
动态分配内存,动态管理
错误代码,通用操作系统
缺页中断,中断服务程序
外部中断,纠错
调用程序,测试驱动程序
管理子系统,实时系统
功能块,软中断
虚拟地址空间,网络打印机
广播网络,通信子网
链路状态分组,快速以太网
指令流,软中断
操作命令,特权指令
进程创建,互操作
阻塞接收,网络延时
系统中断,调度程序
互联网协议,点到点连接
中断机制,用户进程
内部中断,优先级调度
内核服务,文件组织
控制线,控制总线
储存空间,辅助存储器
发送信号,控制线
内部程序,设备驱动程序
段式存储管理,虚拟机管理器
嵌入式控制器,实时系统
拓扑关系,后集
内部中断,纠错
程序指令,宏指令
外存储器,存储分配
命令接口,管理子系统
有线网络,内部网关协议
段表,下一个头
多核处理器,调度策略
广播网络,快速以太网
有线网络,多媒体通信
指令译码器,调用程序
缺页,中断系统
程序状态字寄存器,进程创建
电路逻辑,指令缓存
高速总线,网络打印机
中断机制,执行系统
虚拟地址空间,互操作
线程控制块,指令流
互联网协议,互连网络
启动程序,中断机制
占用空间,内核空间
写访问,特权指令
优先级控制,多处理器调度
写访问,动态分配内存
变址寄存器,进程切换
系统配置,中断系统
指令功能,处理器调度
面向对象编程,测试驱动程序
代码优化,算法正确性
存储分配,指令缓存
指令指针寄存器,进程复制
逻辑分区,命令接口
中断控制器,中断系统
高速总线,接口分析
控制总线,系统启动
中断控制器,中断服务程序
系统内核,设备驱动程序
访问冲突,服务系统
内部网关协议,互连网络
操作命令,同步控制
优先级控制,访问策略
控制总线,程序状态字寄存器
内部中断,中断控制器
逻辑地址空间,网络文件系统
编译技术,多进程
储存空间,文件子系统
系统调用表,程序状态
内部中断,内核服务
储存空间,FAT文件系统
子程序调用指令,中断服务程序
控制总线,多进程
数据文件,视窗操作系统
内核栈,服务系统
管理文件,多用户系统
优先级调度,调度程序
中断控制,先来先服务
发送信号,阻塞接收
系统中断,中断控制器
数字信息,电话系统
线程管理,执行系统
随机存储器,存储芯片
管理子系统,服务系统
系统内核,视窗操作系统
虚拟存储管理,处理器调度
非终结符,控制总线
高速总线,介质访问控制
互操作,分布式操作系统
二进制编码,点到点连接
分区表,实时系统
入度,无向图
处理器调度,即插即用
互联网协议,局域网络
动态分配内存,指令流
中断控制,进程切换
可预测性,编译技术
中断机制,连接请求
文件管理,数据文件
高速总线,加载程序
电路逻辑,辅助存储器
内存管理单元,内核模块
动态管理,路由选择信息协议
系统内核,互操作
局域网络,互联网电视
内部中断,缺页
变址寄存器,系统中断
通信工程,载波侦听
软中断,程序状态
储存空间,外存储器
虚拟地址空间,内核模块
动态分配内存,文件子系统
宏指令,指令流
变址寄存器,高速缓存
中断系统,虚页
段表,进程创建
面向对象编程,程序检测
高速缓存,存储芯片
嵌入式操作系统,分布式操作系统
介质访问控制,电话系统
文件锁,同步控制
数据文件,网络文件系统
指令缓存,重新执行
数字信息,人工智能语言
中断机制,缺页中断
冲突检测,同步控制
调度程序,网络打印机
分区表,管理文件
编译系统,执行系统
控制线,外部中断
单步,中断信号
编译技术,重新执行
访问冲突,并行编译
分区表,虚拟化技术
调度策略,线程管理
操作命令,扫描程序
指令功能,指令流
就绪状态,内部中断
错误代码,中断信号
软中断,介质访问控制
远程访问,网络文件系统
顺序存储器,外存储器
数字信息,外部输入
系统配置,配置文件
控制线,通信子网
中断控制器,进程调度
外存储器,嵌入式操作系统
禁止中断,中断系统
操作语义,禁止中断
解调器,非对称数字用户线
存储分配,活动分区
命令行接口,并行编译
指令功能,重新启动
子程序调用指令,服务系统
优先级调度,中断控制器
系统配置,存储分配
段式存储管理,线程管理
程序指令,写访问
重新启动,系统启动
中断机制,中断系统
段长度,操作命令
优先级调度,多处理器调度
输出通道,指令译码器
控制线,引导记录
操作命令,执行状态
段表,设备驱动程序
处理器调度,命令行接口
顺序查找,平均查找长度
计算复杂度,程序指令
中断控制,中断系统
二进制信号,文件控制块
内核空间,访问周期
程序检测,批处理系统
用户进程,中断服务程序
随机存储器,段表
中断优先级,缺页中断
调度程序,内核服务
内核空间,嵌入式操作系统
虚拟内存,段式存储管理
分区表,重新启动
局域网络,远程系统
段表,进程复制
远程访问,内部网关协议
线程控制块,嵌入式操作系统
中断控制器,同步控制
执行开销,执行系统
面向对象编程,线程管理
阻塞接收,介质访问控制
可预测性,计数排序
冲突检测,批处理系统
系统内核,调度程序
路由选择信息协议,协议数据单元
内核服务,文件子系统
动态分配内存,进程调度
储存空间,虚拟存储管理
文件子系统,多用户系统
二进制编码,二进制信号
程序指令,协调机制
有线网络,阻塞接收
记录结构,内存管理单元
指令缓存,嵌入式操作系统
逻辑分区,线程管理
输出通道,程序检测
存储分配,虚拟存储管理
程序指令,软中断
顺序存储器,指令指针寄存器
控制总线,控制流分析
协调机制,中断系统
访问冲突,冲突检测
中断信号,中断控制器
线程管理,并行编译
互联网协议,有线网络
分区表,内存管理单元
连接请求,有线网络
子程序调用指令,扫描程序
系统内核,中断服务程序
程序状态字寄存器,进程调度
虚拟地址空间,虚拟存储管理
控制块,远程访问
协调机制,分布式操作系统
相对地址,多用户系统
分页,中断机制
分区表,存储分配
内核空间,进程调度
内存管理单元,缺页中断
内部程序,命令行接口
点到点连接,快速以太网
非对称数字用户线,连接请求
逻辑地址空间,分布式操作系统
程序状态字寄存器,内部中断
局域网络,网络文件系统
路由协议,互连网络
调用程序,交叉编译
辅助存储器,缓存
时间约束,系统中断
访问策略,远程访问
子程序调用指令,加载程序
指令缓存,编译系统
二进制编码,交换过程
虚拟化技术,线程管理
多级反馈队列,服务系统
中断信号,允许中断
准入控制,本地终端
系统调用表,动态管理
存储分配,文件管理
逻辑地址空间,编译系统
高速缓存,内核服务
连接请求,互连网络
操作命令,命令接口
动态调度,并行编译
互连网络,多媒体通信
特权指令,嵌入式操作系统
并行编译,多处理器调度
协议数据单元,路由协议
二进制编码,密码
中断信号,连接建立
内部中断,多处理器调度
虚拟内存,虚拟化技术
执行状态,中断服务程序
逻辑分区,虚拟内存
指令流,重新执行
段长度,编译系统
允许中断,中断服务程序
中断机制,内部中断
准入控制,虚拟化技术
存储芯片,嵌入式操作系统
段表,进程调度
中断机制,缺页
二进制数字,允许中断
外部资源,中间件
缺页中断,文件管理
存储芯片,FAT文件系统
处理流程,批处理系统
外部中断,缺页
处理器调度,服务系统
活动分区,分布式操作系统
存储分配,段式存储管理
系统中断,中断系统
虚拟地址空间,高速缓存
输出通道,数据流分析
中断系统,通用操作系统
程序指令,服务系统
准入控制,互操作
执行状态,死锁检测
可预测性,概率
顺序存储器,存储分配
中断系统,中断服务程序
二进制信号,伪码
程序状态字,通用操作系统
外部中断,调度策略
硬件故障,安全模式
发送信号,动态更新
非法指令,嵌入式控制器
大容量存储器,存储分配
载波侦听,非对称数字用户线
错误代码,软中断
硬件故障,启动程序
逻辑地址空间,内核服务
局域网络,内部网关协议
数字信息,路由选择信息协议
禁止中断,允许中断
中断系统,管理子系统
面向连接的协议,电话系统
子程序调用指令,系统调用表
系统内核,写访问
开中断,禁止中断
操作命令,错误代码
逻辑地址空间,段式存储管理
路由选择信息协议,远程访问
控制总线,X86架构
允许中断,虚拟存储管理
连接请求,域名系统
列地址,变址寄存器
中断服务程序,处理器调度
系统中断,嵌入式操作系统
页帧,系统中断
中断机制,死锁预防
目录结构,中断系统
互联网协议,连接请求
数字信息,共享文件
中断控制,数据流分析
操作命令,逻辑地址空间
优先级控制,嵌入式控制器
允许中断,协调机制
外存储器,虚拟盘
储存空间,随机存储器
程序指令,互操作
活动分区,测试驱动程序
二进制信号,程序状态字寄存器
二进制信号,非法指令
外部中断,中断机制
外存储器,中断信号
循环冗余校验,广播网络
主存储器,虚拟化技术
程序指令,系统启动
分区表,虚拟存储管理
文件分配,死锁预防
中断信号,服务系统
互联网协议,远程访问
指令流,指令缓存
用户进程,进程切换
进程调度,设备驱动程序
进程创建,程序转换
软中断,用户进程
配置文件,远程访问
程序状态字寄存器,就绪状态
存储分配,嵌入式操作系统
控制线,结束标志
指令指针寄存器,程序状态字寄存器
系统中断,中断优先级
分时系统,电话系统
模拟环境,交叉编译
内存管理单元,多进程
系统中断,优先级控制
操作命令,线程管理
程序指令,引导扇区
内核模块,多处理器调度
控制线,并发进程
多处理器调度,通用操作系统
内部中断,接口分析
应用环境,重新安装
指令指针寄存器,管理文件
协议数据单元,互连网络
引导扇区,内核空间
虚拟地址空间,嵌入式操作系统
控制线,中断系统
开中断,中断服务程序
保护位,快速以太网
编译技术,视窗操作系统
软中断,管理文件
二进制编码,外部中断
允许中断,访问冲突
中断机制,调用程序
外存储器,辅助存储器
复位电路,中断控制器
多处理器调度,分布式操作系统
逻辑地址空间,文件分配
可预测性,几何分布
选取,计数排序
允许中断,内核服务
调度策略,分布式操作系统
中断信号,系统中断
指令指针寄存器,动态分配内存
可预测性,图搜索
段式存储管理,进程创建
变址寄存器,虚拟内存
控制块,动态分配内存
文件控制块,文件分配
系统内核,访问权
管理文件,FAT文件系统
运行时间,黑箱
网络延时,互连网络
发送信号,阻塞状态
系统配置,设备驱动程序
处理流程,软中断
冲突检测,通用操作系统
段长度,段表
进程创建,并行编译
内核空间,静态分配
中断系统,优先级控制
可预测性,同步控制
控制块,系统配置
编译技术,并行编译
时间效率,允许中断
系统配置,文件子系统
段表,编译技术
储存空间,文件控制块
控制总线,指令功能
子程序调用指令,同步控制
路由选择信息协议,路由聚合
段表,开中断
大容量存储器,高速缓存
中断机制,线程控制块
程序状态,重新执行
调度程序,进程创建
变址寄存器,程序状态字寄存器
缓存,调用程序
分时系统,调度策略
调用程序,内部程序
虚拟内存,嵌入式操作系统
操作命令,执行系统
内核模块,禁止中断
代码优化,管理文件
访问矩阵,分时系统
方波信号,编解码器
分时系统,中断服务程序
子程序调用指令,测试驱动程序
缺页,软中断
冲突检测,广播网络
禁止中断,程序状态
指令指针寄存器,访问冲突
分区表,文件组织
解调器,分时系统
外部资源,远程系统
协议数据单元,广播网络
分区表,批处理系统
批处理系统,实时系统
中断机制,中断服务程序
广播网络,域名系统
内部中断,引导记录
操作命令,交叉编译
系统中断,多用户系统
控制总线,操作命令
文件子系统,批处理系统
顺序存储器,辅助存储器
存储分配,辅助存储器
二路归并,快速排序
方波信号,设备驱动程序
文件分配,通用操作系统
编译系统,通用操作系统
编解码器,访问权
指令译码器,特权指令
系统中断,死锁避免
非法指令,禁止中断
段表,段式存储管理
中断控制器,恢复机制
程序状态字寄存器,开中断
记录结构,内部程序
非屏蔽双绞线,局域网络
数字信息,分区表
中断控制,X86架构
中断控制,中断服务程序
程序指令,系统中断
设备驱动程序,执行系统
同步控制,代码优化
线程控制块,编译系统
操作命令,接口分析
面向对象编程,代码优化
指令流,中断系统
伪码,内部中断
高速缓存,启动程序
变址寄存器,功能块
文件组织,视窗操作系统
指令译码器,指令功能
路由选择信息协议,局域网络
变址寄存器,段表
内核空间,编译技术
命令接口,BASIC语言
阻塞接收,快速以太网
可预测性,冲突检测
发送信号,节点对
中断控制,进程复制
视窗操作系统,应用环境
中断控制,即插即用
高速总线,中断机制
占用空间,执行系统
执行状态,处理器调度
加载程序,嵌入式控制器
子程序调用指令,特权指令
无序列表,中断控制器
循环执行,面向对象编程
栈溢出,中断服务程序
指令功能,中断服务程序
数字信息,密码
变址寄存器,进程调度
二进制信号,通信子网
指令流,拒绝
中断服务程序,服务系统
宏指令,交叉编译
索引值,操作命令
内核空间,内核模块
控制块,内存管理单元
应用环境,远程系统
进制转换,并行编译
引导记录,执行系统
中断控制器,分时系统
中断控制器,内核服务
并行编译,进程复制
禁止中断,中断控制器
段表,中断控制器
动态管理,虚拟机管理器
中断服务程序,X86架构
通用操作系统,网络文件系统
连接请求,网络文件系统
操作命令,进程复制
管理子系统,编译系统
存储分配,动态管理
可预测性,死锁预防
内存管理单元,X86架构
动态路由选择,互联网协议
系统配置,进程切换
互连网络,快速以太网
准入控制,互联网协议
文件分配,静态分配
中断信号,中断控制
段表,测试驱动程序
可预测性,内核服务
储存空间,存储分配
储存空间,逻辑地址空间
主引导记录,中断系统
分区表,文件分配
配置文件,批处理系统
内核服务,进程复制
发送信号,路由选择信息协议
子任务,中断控制器
路由协议,互联网电视
二进制信号,编译技术
接口标准,嵌入式操作系统
图的遍历,深度优先搜索
优先级控制,并发进程
机器周期,中断机制
访问冲突,多进程
面向对象编程,编辑程序
发送信号,拒绝
存储分配,高速缓存
高速总线,外部中断
执行开销,代码优化
指令功能,指令缓存
二进制信号,指令译码器
高速缓存,动态分配内存
逻辑地址空间,主存储器
命令接口,命令行接口
二进制信号,点到点连接
多核处理器,并行编译
线程管理,网络爬虫
中断系统,分布式操作系统
控制总线,中断信号
子程序调用指令,并发进程
数字信息,通信子网
操作命令,动态分配内存
指令流,命令行接口
内存管理单元,线程控制块
程序指令,执行状态
逻辑地址空间,线程控制块
数字信息,多媒体通信
内核服务,多进程
控制总线,执行系统
操作命令,远程系统
内核服务,内部程序
连接请求,面向连接的协议
操作命令,段表
指令指针寄存器,中断机制
进制转换,二进制编码
管理子系统,通用操作系统
数字信息,接口标准
程序指令,操作命令
大容量存储器,视窗操作系统
处理单元,程序状态字寄存器
路由协议,点到点连接
系统调用表,嵌入式操作系统
指令指针寄存器,指令流
控制块,中断控制
载波侦听,互联网协议
进程调度,内核服务
引导记录,设备驱动程序
非法指令,虚拟机管理器
逻辑地址空间,多核处理器
顺序存储器,文件维护
虚拟地址空间,存储分配
特权指令,分布式操作系统
中断机制,优先级控制
虚拟地址空间,随机存储器
逻辑地址空间,进程调度
程序状态字,特权指令
面向连接的协议,路由协议
启动程序,程序转换
中断信号,内核模块
访问周期,调用程序
系统中断,并发性
路由算法,广播网络
硬件故障,中断信号
储存空间,内核服务
二进制编码,指令指针寄存器
设备驱动程序,虚拟盘
内部中断,进程创建
顺序存储器,内存管理单元
并发进程,死锁检测
虚拟地址空间,段表
局域网络,广播网络
编译系统,批处理系统
中断优先级,优先级调度
宏指令,进程调度
指令流,执行系统
并发进程,多用户系统
分区表,活动分区
嵌入式控制器,虚拟机管理器
虚拟地址空间,用户进程
程序指令,特权指令
访问周期,线程控制块
软中断,进程调度
方波信号,指令译码器
方波信号,数字信息
操作效率,介质访问控制
面向连接的协议,快速以太网
非屏蔽双绞线,互联网电视
储存空间,高速缓存
控制块,分时系统
外存储器,虚拟化技术
同步控制,优先级控制
互联网协议,广播网络
