id,name,in_degree,out_degree
0,parabola intuition 1,1,1
1,circles and arcs,0,6
2,inscribed angles 3,1,1
3,solving quadratics by factoring,1,4
4,graphing parabolas 1,1,1
5,inverses of functions,2,0
6,one step equations,1,1
7,one step inequalities,1,3
8,number properties terminology 1,1,2
9,angles 2,1,7
10,angle types,2,3
11,addition 3,1,0
12,compound inequalities,2,0
13,distributive property with variables,0,0
14,equation of a circle 1,1,3
15,distance between point and line,2,0
16,midpoint formula,1,0
17,properties of numbers 2,1,1
18,properties of incenters,1,1
19,measuring lengths 1,0,1
20,fractional division life problem,1,1
21,volume container hight,2,0
22,polynomial concept and proper noun,0,1
23,understanding square rectangular,2,1
24,baseline compareline application,1,0
25,vertical and parallel,1,0
26,decimal multiplier calculation,1,0
27,calculations using similar shapes,1,1
28,quadratics word problems,2,0
29,represent by symbol dividend,1,1
30,quadratic polynomial word problem,1,1
31,estimation three-digit add sub,1,1
32,arithmetic means,1,0
33,recording life  problem by expressions,0,0
34,seq understanding sequence 2,1,3
35,place value big number,1,0
36,matrix basic product,1,2
37,speed applying,1,1
38,completing the square 1 new,1,1
39,basic graph and composite graph area,1,1
40,side length cube and relationship with volume cuboid,0,0
41,judging axis of symmetry,1,1
42,realizing inequalities,1,1
43,perimeter 1,2,2
44,graphing systems of equations,1,5
45,exponents 3,1,3
46,reading pictographs 2,1,0
47,lhopitals rule,2,0
48,multiplying polynomials,1,6
49,kinematic equations,1,0
50,creating bar charts 1,1,0
51,telling time,1,2
52,proportions 1,0,1
53,linear equations 2,1,1
54,converting repeating decimals to fractions 1,1,1
55,exponents 2,1,4
56,solving similar triangles 2,1,1
57,creating box and whisker plots,2,1
58,subtraction within 20,1,1
59,quadratic function word problem,1,0
60,parallelogram concept and application,1,0
61,radical multiplication and division,1,0
62,arithmetic sequences 3,2,3
63,vector add sub two,1,0
64,concepts related to diamond,1,2
65,fractions cut and copy,0,0
66,cross multiplication advanced,2,2
67,radius diameter and circumference 1,3,0
68,matrix basic percentage,2,3
69,time terminology,2,3
70,cone surface arc,1,0
71,multiplication formula minus,1,0
72,environment bctest cap,0,0
73,areas of kites,1,2
74,arithmetic reasoning,1,0
75,adding and subtracting centimeter and millimeter,1,0
76,rate problems 0.5,1,2
77,evaluating expressions 2,1,1
78,graphing inequalities,1,1
79,radical equations,1,0
80,empirical rule,2,0
81,multiplying fractions 0.5,1,2
82,exploring angle pairs 1,2,2
83,adding subtracting mixed numbers 0.5,2,1
84,equation of an ellipse,1,0
85,solid geometry,7,1
86,z scores 1,2,1
87,division 1.5,1,2
88,dividing fractions,2,1
89,graphing linear equations,1,2
90,prime numbers,2,1
91,converting decimals to fractions 1,2,1
92,solving for the y-intercept,1,1
93,addition 4,2,2
94,the complex plane,1,2
95,geometry 1,0,0
96,divisibility 0.5,1,2
97,linear equations 4,1,3
98,least common multiple,2,3
99,factoring polynomials with two variables,1,0
100,absolute value,1,3
101,multiplying complex numbers,2,1
102,area of triangles 1,1,1
103,geometry proofs intro,3,0
104,converse inverse and contrapositive,1,2
105,the fundamental theorem of arithmetic,1,0
106,arithmetic series,1,0
107,perimeter deduction,2,0
108,time units transformation 1,3,2
109,triangles congruent nature sas,1,0
110,metric weight unit conversion,1,5
111,integers multiply decimals,1,2
112,dividing polynomials 2,1,1
113,interpreting negative numbers,1,0
114,understand equivalent axiom,1,1
115,writing expressions w two var,1,1
116,comparing decimals 1,0,1
117,kg g time div,1,0
118,absolute values meaning,2,1
119,altitude and hypotenuse,0,0
120,basic compared with the reference quantity,0,1
121,areas of rhombi,1,2
122,integers multiply decimals2,1,2
123,metric weight unit word problem,1,0
124,l ml transform,2,2
125,age problems,1,0
126,rate unit transform,1,0
127,application of linear equations 1,1,1
128,midpoint coordinates,1,1
129,number sense length l2,1,1
130,common form for life,1,1
131,understand range of graphie,0,1
132,combinations of polynomials,2,0
133,ordering improper fractions and mixed numbers,1,0
134,factoring polynomials 2,1,2
135,rate problems 1,1,1
136,systems of equations with elimination 0.5,1,1
137,similar triangles review,1,0
138,arithmetic word problems 2,2,2
139,perimeter of squares and rectangles,1,2
140,least common multiple and greatest common divisor word problems,2,0
141,adding subtracting mixed numbers 1,1,0
142,evaluating expressions 1,3,5
143,constant function and a fuction,1,1
144,seq-arithmetic-sequences-l2,1,0
145,multiplying and dividing negative numbers new,1,1
146,meaning congruent planar graph,0,1
147,hundred million adding and subtracting,4,1
148,cube volume calculation,0,0
149,area relationship larger narrow num,1,1
150,count number to 20 2,1,1
151,ecology bctest cap,0,0
152,recognize num less than 10000,1,1
153,metric area unit conversion,1,1
154,quadratic function concept,1,1
155,dividing fractions 0.5,1,3
156,equation of a line,2,4
157,factoring difference of squares 2,1,1
158,trig identities 1,1,1
159,greatest common divisor,3,4
160,equation of a circle 2,1,0
161,angles of a polygon,1,0
162,trigonometry 2,1,3
163,reading pictographs 1,1,1
164,power rule,1,4
165,converting between point slope and slope intercept,2,1
166,linear inequalities,2,2
167,reading tables 1,2,2
168,converting fractions to decimals,2,1
169,dividing decimals,1,0
170,combining like terms 1,1,1
171,imaginary unit powers,1,1
172,congruent angles,5,5
173,radius diameter and circumference,2,0
174,conditional statements 2,0,1
175,vertical angles 2,2,0
176,derivatives 1,1,2
177,ratio word problems,0,1
178,matrix mul zero one,1,0
179,computing law with power,1,1
180,number sense length l3,1,0
181,volume space,1,4
182,ungroup median,1,1
183,multiple brackets,1,0
184,completing the square 2 new,1,1
185,understand large numbers and conversion,2,1
186,compare shapes,2,1
187,time units transformation 3,1,0
188,application division large nums,1,0
189,addition two numbers,1,0
190,absolute value add sub properties,1,0
191,constructing and interpreting absolute value,1,0
192,dividing polynomials 6,1,0
193,matrix mul two,1,0
194,multiple proportions reasoning,1,0
195,seq understanding sequence 1,0,1
196,naming shapes 2,1,1
197,multiplication association word problems,1,0
198,comparison between numbers within ten,3,1
199,measuring lengths 2,1,2
200,metric weight unit selection,1,0
201,speed equal to distance divide time,3,1
202,pythagorean thaorem application,1,1
203,order by length,0,0
204,gcd of life,1,0
205,quadratic function graphing,1,1
206,tenfold and hundred fold,0,0
207,polygon geometry characteristic,1,0
208,seq understaning arithmetic sequence 1,1,1
209,time word problem 2,2,2
210,sectors as fraction of circles 1,1,1
211,solving linear inequalities,1,1
212,multiplying decimal integer,1,0
213,compound numbers world problems,0,0
214,place value concept,1,1
215,ordering numbers,1,0
216,converting between slope intercept and standard form,1,1
217,adding and subtracting polynomials,1,4
218,triangle inequality theorem,1,1
219,counting 2,1,5
220,multiplying fractions,1,5
221,subtracting decimals,1,3
222,alternate interior angles 2,2,1
223,similar triangles 1,2,2
224,simplifying expressions with exponents,1,1
225,addition 1,0,2
226,supplementary angles,1,1
227,division word problems 2,2,0
228,division 2.9,1,0
229,matrix add sub 2,2,2
230,volume box cover,2,0
231,ratio money,1,1
232,volume of rectangular boxes 3,1,0
233,understanding comparing angle,1,1
234,seq-understaning-arithmetic-sequence,0,0
235,application of scientific notation 2,1,0
236,simple calculation of composite volume,0,0
237,nature of isosceles triangle,1,0
238,negative numbers multiply divide,2,0
239,matrix add zero negative,1,2
240,planar graph resizing,1,1
241,division 4,1,2
242,inequalities on a number line,2,1
243,new definitions 2,1,0
244,areas of trapezoids rhombi and kites,0,0
245,same side exterior angles 2,2,1
246,congruency postulates,1,1
247,independent probability,1,1
248,adding fractions,2,1
249,absolute value equations,1,0
250,range of a function,2,2
251,angles 1,1,1
252,logical arguments deductive reasoning,1,1
253,conditional statements and truth value,2,1
254,exponents 1,1,2
255,absolute value of complex numbers,3,0
256,understanding decimals place value,1,2
257,same side exterior angles,1,2
258,counting 1,2,1
259,proportions 2,1,1
260,alternate exterior angles 2,2,1
261,adding and subtracting negative numbers,1,8
262,subtraction 4,3,3
263,perimeter of sector,1,0
264,angle of osculation,1,0
265,radius diameter and circumference 314 1,0,2
266,equivalent fractions conversion,1,1
267,understand percentage,0,0
268,radius and diameter,1,1
269,evolution bctest cap,0,0
270,l ml arithmatic,1,0
271,common factor advance,1,0
272,multiple unit transate,1,0
273,subtraction and addition,1,1
274,special right triangles,1,0
275,basic concepts of probability 1,1,1
276,finding axis of symmetry,1,0
277,planting problems,2,0
278,combining like terms with two variables,2,1
279,find gcd and lcm,0,1
280,graphing scaling,1,0
281,definition opposite number,1,1
282,scale,1,1
283,pyramidal prism,1,1
284,comparison between numbers within ten 0.5,1,1
285,arithmetic series 1,1,1
286,kg g unit transform2,1,1
287,graphing points fraction 2,1,0
288,surface area of cylinders,1,1
289,decimals on the number line 2 new,1,1
290,seq sequence pattern 1,1,1
291,percentage concept,1,0
292,proportional calculation,1,1
293,reproduction,0,0
294,geometry categorial proposition,1,0
295,arc length and circular sector area,1,0
296,count numbers,1,2
297,number sense weight l3,1,0
298,basic concept of congruent triangles,3,1
299,number sequence within ten,1,2
300,solving for the x-intercept,1,1
301,systems of equations,2,1
302,division 0.5,1,2
303,line relationships,1,1
304,inverse trig functions,1,1
305,converting decimals to fractions 2,1,3
306,multiplying mixed numbers 1,2,0
307,recognizing fractions 0.5,2,6
308,triangle angles 1,2,2
309,derivative intuition,1,1
310,angle types,0,0
311,domain and range 0.5,1,2
312,similar triangles 2,1,2
313,product rule,2,0
314,place value,2,6
315,dividing decimals 0.5,1,3
316,area of squares and rectangles,2,6
317,division 1.4,2,0
318,inequalities and expressions,1,1
319,dividing polynomials 4,1,0
320,basic concepts of probability 2,1,0
321,composing shapes,0,1
322,solving problems with picture graphs 1,0,1
323,number sense weight l2,1,1
324,geometry about circle concept,1,0
325,addition of vary denominator fraction,1,0
326,converting percents to decimals,1,3
327,alternate exterior angles,1,2
328,fractions cut and copy 2,1,0
329,graphing parabolas 0.5,1,2
330,inscribed angles 2,1,1
331,mean median and mode,1,6
332,converting mixed numbers and improper fractions,1,4
333,shifting and reflecting functions,3,0
334,multiplying and dividing negative numbers,2,4
335,fractions on the number line 1,1,0
336,dividing decimals 2,1,1
337,variance,2,2
338,reading stem and leaf plots,1,0
339,adding negative numbers,1,1
340,number line 3,1,5
341,converting decimals to percents,2,3
342,common factors of a polynomial 1,0,0
343,area of a circle,2,2
344,z scores 2,1,1
345,expressions with unknown variables,1,1
346,telling time comparing,1,1
347,sides and angles of simple shapes,0,1
348,writing and interpreting decimals,0,1
349,meaning of equal sign,1,1
350,common factor,1,1
351,adding decimals 1,0,0
352,proportional or inverse proportional,2,0
353,graphing points fraction 1,1,1
354,proportional life problems,1,0
355,systems of equ substitution 2,1,0
356,triangle central core concept,1,0
357,reading fractions in chinese,1,0
358,dividing decimals int to int 0.5,1,1
359,applications of index,1,1
360,systems of equations with elimination 2,1,1
361,range of triangle sides 2,1,1
362,make a line by ruler and compasses,1,0
363,relationships linear equations,1,0
364,calculating averages advanced,1,0
365,variables word problems 2,1,0
366,volume of triangular prisms,2,0
367,variables word problems 1,1,0
368,square cm square m unit transform,1,0
369,inheritance bctest cap,0,0
370,integer arithmetic,3,0
371,inverse proportional calculation,1,1
372,factor word problems,1,0
373,dividing polynomials 3,1,1
374,volume box,1,4
375,finding percentage,0,1
376,number line 4,1,1
377,cuboid volume calculation,0,0
378,fraction integer,0,0
379,volume container,2,0
380,count number to 50,1,1
381,interpreting linear equations,3,3
382,linear equations 3,1,9
383,factoring difference of squares 4,0,0
384,expressions with unknown variables 2,1,0
385,congruent triangles 1,3,1
386,division 1,1,3
387,rounding whole numbers,1,1
388,completing the square 2,2,1
389,age word problems,1,1
390,simplifying fractions,5,6
391,factoring difference of squares 3,1,1
392,quadratic equation,1,2
393,parallel lines 2,5,3
394,geometry proofs 1,2,1
395,subtraction 3,1,3
396,recognizing rays lines and line segments,2,6
397,comparing decimal place value,1,1
398,matrix row operation,1,1
399,area of a circle2,1,0
400,equal parts of circles and rectangles,1,1
401,volume box nocover,2,0
402,statistical table and chart,1,1
403,calculation of proportions,2,1
404,lines plane vertical parallel,1,0
405,fractions word problem,1,2
406,adding decimals 0.5 new,0,0
407,seq sequence exam 3,1,0
408,equivalent fractions 2,1,2
409,systems of equations with elimination,1,3
410,logarithms 2,1,0
411,multiplication 2,2,4
412,ordering objects,0,0
413,complementary and supplementary angles,3,2
414,negative number word problems,3,0
415,line graph intuition,1,3
416,reading bar charts 3,2,1
417,same side interior angles,1,2
418,reading tables 2,1,3
419,divisibility intuition,1,2
420,cube roots,1,0
421,multiplication 0.5,1,1
422,adding decimals 0.5,2,1
423,division 2,1,3
424,ordering fractions,1,1
425,slope of a line,1,1
426,multiplying and dividing scientific notation,1,0
427,probability 1,1,2
428,adding and subtracting decimals word problems,1,0
429,decimals on the number line 2,1,1
430,combining like terms 2,1,2
431,herons formula,1,0
432,subtraction 2,1,3
433,adding and subtracting fractions,2,5
434,quotient rule,2,0
435,number line,0,3
436,multiplying radicals,1,2
437,even and odd functions,1,0
438,shaded areas,2,1
439,multiplication 1,1,3
440,matrix gaussian elimination,1,0
441,geometric construction,1,0
442,regular number of columns,1,1
443,regrouping decimals,1,1
444,adding decimals 2 new,0,0
445,basic concept of circumcenter,1,1
446,millimeter and centimeter,1,2
447,seq-arithmetic-sequences-l1,1,1
448,multiplication formula sub,1,0
449,understand coins,1,1
450,parts of circles,1,3
451,number sense length l1,0,1
452,measuring and comparing angles,1,0
453,l ml word problem,1,1
454,marking inequalities range on a number line,1,1
455,multiplying and dividing,1,1
456,count one by one 1,0,1
457,square root calculation 3,1,0
458,skip counting by 5s,1,1
459,complex fraction,1,1
460,life 1,0,0
461,notation calculation type,1,2
462,cube rectangular and regular tetrahedron,0,0
463,moving points,1,0
464,multiplying fractions by integers,1,0
465,draw a pie chart,1,0
466,decimals distributive law of multiplication,1,0
467,multiplication with carrying,1,1
468,symmetry concept and application,1,0
469,number line 0.5,1,1
470,one step equation problems,2,0
471,adding subtracting no carry 3,1,1
472,inequality properties,1,0
473,comparing with multiplication,1,1
474,recognizing fractions,1,0
475,decimals on the number line 1,2,2
476,rounding numbers,1,5
477,one step equations 0.5,0,0
478,identifying points 2,1,3
479,geometry proofs 2,1,1
480,parabola intuition 3,1,0
481,attributs of shapes,1,0
482,negative nums on num line without reference to zero,1,1
483,count number to 100,4,3
484,sort-groups-by-count 1,0,1
485,fractions and percentage of exchange,0,0
486,ratio and the ratio of,1,2
487,matrix mul two 2,0,0
488,time word problem 5,1,1
489,get gcd and lcm,2,2
490,writing expressions 3,1,2
491,adding and subtracting within 20,2,1
492,short divide gcf and lcm,0,0
493,represent by symbol multiplier,1,1
494,multiplication word problems,2,0
495,seq-arithmetic-means-1,0,1
496,simplifying rational expressions 2,0,0
497,exponents 4,1,0
498,simplifying radicals,2,3
499,percentage word problems 1,2,1
500,distance formula,2,2
501,permutations 1,1,0
502,systems of equations with substitution,1,2
503,exploring mean and median,1,1
504,angle-types,0,0
505,writing expressions 1,1,3
506,factoring polynomials 3,0,0
507,fractions on the number line 3,1,0
508,subtracting fractions with common denominators,3,3
509,adding decimals 2,1,2
510,adding and subtracting radicals,1,2
511,graphing points,1,4
512,corresponding angles 2,2,1
513,inscribed angles 1,3,1
514,slope intercept form,2,2
515,functions 3,1,1
516,rate problems 2,1,1
517,reading line charts 1,1,1
518,percentage word problems 2,1,0
519,segment addition,2,6
520,pythagorean theorem 2,1,0
521,arithmetic word problems 1,2,1
522,factoring difference of squares 1,2,1
523,recognizing conic sections,1,2
524,multiplying 2 digits by 2 digits with area models,1,1
525,adding subtracting dicimals fractions and percentage,1,1
526,adding subtracting carry 2,2,0
527,area of fans,1,1
528,length word problem,2,1
529,angle rotation,1,1
530,linear equations word problems 2,1,0
531,define one function,1,0
532,kg g unit transform,1,2
533,recognize graph zoom effect,1,1
534,seq understaning arithmetic sequence 2,1,1
535,systems of equ substitution 1,1,1
536,add subtract negative fractions,1,1
537,systems of equations with elimination 3,2,0
538,systems of equ elimination 1,1,2
539,large angle long edge,1,3
540,classification bctest cap,0,0
541,recognize decimal percentile position,2,2
542,volume of rectangular boxes 2,1,2
543,eval expressions w two var,1,0
544,matrix submatrix,1,0
545,application of scientific notation,1,1
546,re graphics,1,1
547,multiplying fractions and whole numbers word problems,0,0
548,operations with negative numbers,2,1
549,matrix mul scalar,1,1
550,sequences word problems,1,0
551,seq sequence pattern 2,1,0
552,seq-arithmetic-means-2,1,1
553,word problem formula translate,1,1
554,triangles similar nature,3,2
555,inequality symbol word problems,1,0
556,simplify expressions w two var 2,1,0
557,dividing polynomials 1,3,2
558,number line 0.7,1,1
559,corresponding angles,1,2
560,subtracting decimals 0.5,2,1
561,composite numbers,2,1
562,graphing inequalities 2,1,1
563,pythagorean theorem 1,1,4
564,parallel lines 1,5,5
565,division word problems 1,1,1
566,number line 0.5 new,1,1
567,volume of cylinders,1,0
568,dividing decimals int to int 0.7,1,1
569,polygon similarity,1,0
570,multiplication formula 1,1,1
571,volume of rectangular boxes,2,2
572,narrative and opposite narrative,0,1
573,multiplication formula add,1,1
574,kg g arithmatic,2,1
575,consistency bctest cap,0,0
576,time units transformation 2,1,0
577,multiplicative problems,2,0
578,number sense weight l1,0,1
579,using fractions to divide pizzas pies and cakes,1,0
580,adding decimals,3,3
581,multiplication 3,2,2
582,divisibility,1,0
583,trigonometry 1,2,1
584,multiplication 4,1,2
585,linear equations 1,3,5
586,solving for a variable,1,0
587,converting repeating decimals to fractions 2,1,0
588,solutions to systems of equations,1,0
589,comparing fractions 2,1,1
590,plotting the line of best fit,1,0
591,square roots 2,2,3
592,number line 2,1,1
593,factoring polynomials by grouping 1,1,0
594,significant figures 1,1,0
595,radians and degrees,2,2
596,fractions on the number line 2,1,1
597,angle addition postulate,1,1
598,radians to degrees,1,1
599,subtracting fractions,2,1
600,equation of a hyperbola,1,0
601,units,2,1
602,arithmetic word problems,2,2
603,factorization quadratic polynomial,1,1
604,matrix app fruit oil,1,0
605,count number to 20,0,2
606,the four arithmetic exponentially,1,0
607,simplify expressions w two var 3,1,0
608,radius angle by percentage,0,0
609,matrix transpose,1,1
610,parallel lines proportion,1,1
611,interpreting absolute value,1,2
612,range quarter case chart,1,1
613,separation and union,1,1
614,baseline compareline,3,1
615,dividing polynomials 5,1,1
616,age problems new,1,0
617,application of linear equations 2,0,0
618,simple hologram concept,1,1
619,seq sequence exam 2,1,1
620,areas of trapezoids,1,1
621,circumferential angle,1,1
622,decimal two steps,1,0
623,morning afternoon night,1,0
624,absolute value add sub,2,1
625,sectors as fraction of circles 2,1,2
626,approximate number,1,1
627,parallel and perpendicular,1,1
628,area relationship larger narrow graph,1,1
629,km m unit transform,1,0
630,subtraction of vary denominator fraction,1,0
631,trapezoid concept and application,1,0
632,four operations and decimal fraction,1,1
633,understanding moving the decimal,1,2
634,comparing improper fractions and mixed numbers,1,1
635,simplifying rational expressions 1,0,0
636,estimation with decimals,2,0
637,multiplying decimals,2,1
638,multiplying expressions 1,1,5
639,functions 2,2,4
640,dividing complex numbers,1,0
641,triangle types,1,4
642,limits 1,4,1
643,prime factorization,2,6
644,common factors of a polynomial 2,0,0
645,scientific notation intuition,2,1
646,writing expressions 2,1,2
647,angle bisector theorem,1,0
648,scaling vectors,1,0
649,skip counting by 10s,1,1
650,application add large nums,0,1
651,gcd and lcm word problems,2,0
652,dividing polynomials,1,1
653,multiplication and division word problems,1,1
654,understand length unit,2,0
655,seq-understaning-arithmetic-sequence-1,0,0
656,difference between solid and plane graphics,0,0
657,ordering negative numbers,2,1
658,multiplying expressions 0.5,1,2
659,reading bar charts 2,1,1
660,graphing systems of inequalities,2,1
661,quadrilateral angles,1,3
662,z scores 3,1,0
663,telling time 0.5,0,1
664,representing numbers,2,1
665,divisibility tests,1,2
666,point slope form,1,1
667,systems of equations word problems,1,0
668,chain rule 1,2,0
669,fractions cut and copy 1,1,1
670,graphing parabolas 2,2,0
671,factoring polynomials 1,2,3
672,graphs of sine and cosine,1,1
673,new definitions 1,1,1
674,area 1,1,2
675,solving similar triangles 1,1,2
676,dependent probability,1,0
677,limits 2,1,1
678,addition 2,6,7
679,subtraction 1,1,2
680,identifying points 1,1,1
681,same side interior angles 2,2,1
682,trigonometry 1.5,1,2
683,exploring standard deviation 1,1,2
684,special derivatives,1,4
685,writing proportions,0,3
686,order of operations,4,14
687,graphing systems of inequalities 2,1,0
688,graphing points 2,1,2
689,triangles congruent nature aas,1,0
690,triangle length of side,1,0
691,solving linear equations,1,0
692,visualizing equivalent fraction,0,1
693,basic concept of similar shapes,1,0
694,comparing lengths,1,1
695,rates and ratios,1,0
696,repeated addition,1,1
697,halves and fourths,0,2
698,volume unit conversion,1,0
699,denominator comparison,1,1
700,seq-understaning-arithmetic-sequence-2,0,0
701,time word problem 3,1,0
702,number line 0.7 new,1,1
703,multiply by tens,1,1
704,time word problem 1,2,1
705,special triangle and quadrilateral concept,1,0
706,metric area unit comparison,1,2
707,simplify expressions w two var 1,1,3
708,transportation bctest cap,0,0
709,perimeter of combined shapes,2,1
710,adding subtracting carry 3,0,1
711,understanding km,1,1
712,subtract of positive negative fraction,1,2
713,complex number polar form intuition new,0,1
714,triangles congruent nature asa,1,0
715,ratio,1,1
716,comparing decimals 2,1,1
717,quadratic function maximum and minimum,1,1
718,triangles congruent nature sss,1,0
719,application of gcd and lcm 1,1,1
720,volume and cc,1,1
721,comparing size,1,0
722,chickens and rabbits questions,1,0
723,number within fifty,1,2
724,recognizing shapes,0,1
725,triangles congruent nature rhs,1,0
726,reproduction bctest cap,0,0
727,represent by symbol subtrahend,1,1
728,recognizing factoring,1,1
729,solving problems with line plots 1,1,0
730,scientific notation decimals,1,1
731,fraction word problems 1,2,2
732,adding fractions with common denominators,2,4
733,domain of a function,2,2
734,functions 1,1,5
735,distributive property,1,2
736,comparing objects,0,0
737,vertical angles,2,1
738,unit circle,1,1
739,multiplication 1.5,2,3
740,dividing fractions word problems,2,0
741,plugging in values,1,0
742,solving quadratics by taking the square root,1,2
743,lcm word problems,1,0
744,recording life problem by expressions,1,0
745,writing fractions 1,3,1
746,fraction and per swap divide,0,0
747,l ml time div,1,1
748,naming shapes,1,2
749,simple hologram surface area,1,0
750,coordination bctest cap,0,0
751,date and weekday,1,0
752,exponent rules,1,2
753,points lines and planes,1,4
754,multiplying fractions word problems,1,0
755,expressing ratios as fractions,1,1
756,properties of numbers 1,1,1
757,dividing decimals 1,3,1
758,markup and commission word problems,2,0
759,comparing absolute values,1,0
760,standard deviation,1,2
761,equivalent fractions,3,1
762,completing the square 1,3,2
763,trigonometry 0.5,2,1
764,solving quadratics by factoring 2,1,1
765,scientific notation,1,3
766,complementary angles,1,1
767,square roots,1,2
768,parabola intuition 2,1,1
769,congruent segments,1,2
770,midpoint of a segment,2,0
771,areas of circles and sectors,1,4
772,alternate interior angles,1,2
773,degrees to radians,1,1
774,reading bar charts 1,2,3
775,adding vectors,1,1
776,telling time 2,1,3
777,comparing fractions 1,1,1
778,measuring angles,1,3
779,congruent triangles 2,2,14
780,measuring segments,2,2
781,axis of symmetry,1,2
782,average word problems,1,1
783,division 3,2,5
784,radius angle,1,2
785,meters and centimeters conversion,0,0
786,meters and centimeters,1,0
787,skip counting by 100s,1,0
788,matrix row echelon,1,1
789,scale see compare see,0,0
790,understand circle,1,1
791,matrix triangular and symmetric,1,0
792,factorization by add sub square,1,0
793,cc and cubic meter conversion,0,0
794,ratio discount,1,0
795,nutrition bctest cap,0,0
796,measuring lengths with different units,0,1
797,concepts related to kite,1,1
798,multiplication and division order,2,0
799,concepts related to parallelogram,1,0
800,one more one less,2,0
801,represent by symbol addend,0,1
802,time word problem 4,1,1
803,fraction of one step to unknow formula,1,1
804,graphs of linear equations,1,1
805,matrix add sub 3,1,3
806,triangle angles sum,1,1
807,filling rectangles with same-sized squares,1,1
808,unit conversion rate,1,0
809,cell bctest cap,0,0
810,advanced fraction,1,1
811,addition within 20,0,2
812,surface area of rectangular boxes,1,0
813,g and kg word problems,0,0
814,area unit cm square,1,1
815,vertical concepts,1,0
816,direct and inverse variation,1,2
817,quadrilateral types,1,4
818,area of parallelograms,1,3
819,discount tax and tip word problems,2,0
820,adding and subtracting complex numbers,2,1
821,vertex of a parabola,2,2
822,logarithms 1,1,1
823,division 0.9,1,1
824,proportions inner outer product,1,1
825,area of triangular shapes,2,1
826,seq sequence exam 1,1,1
827,position relation between circle point,1,0
828,number sense weight L1,0,0
829,decomposing fractions,1,1
830,matrix basic distance,1,0
831,ordering decimals new,1,0
832,simplificate ractional formula,1,2
833,geometry identification concept,1,1
834,simplify the root type,1,1
